url_path,views_total,views_unique
/grp-bork/reCOGnise,3,2
/grp-bork/reCOGnise/tree/3e7143dfc83e35bf756abd9549db89668fe713f3,3,2
/grp-bork/reCOGnise/blob/3e7143dfc83e35bf756abd9549db89668fe713f3/nextflow_schema.json,2,2
/grp-bork/reCOGnise/blob/main/clowm_info.json,2,1
/grp-bork/reCOGnise/blob/main/nextflow_schema.json,2,1
/grp-bork/reCOGnise/tree/main/recognise,2,1
/grp-bork/reCOGnise/blob/3e7143dfc83e35bf756abd9549db89668fe713f3/clowm_info.json,1,1
/grp-bork/reCOGnise/commits/main,1,1
/grp-bork/reCOGnise/edit/main/nextflow_schema.json,1,1
/grp-bork/reCOGnise/tree/main,1,1
